ID,Word1,Word2,Interlock,Idx1,Idx2,Idx12
1,ah,as,aahs,1930,5236,5
2,aby,be,abbey,478,7840,79
3,aid,be,abied,1945,7840,165
4,ais,be,abies,2104,7840,166
5,ar,bi,abri,4642,9320,313
6,ars,bi,abris,5125,9320,324
7,ay,be,abye,6504,7840,479
8,ays,be,abyes,6511,7840,481
9,ars,cos,across,5125,21435,931
10,add,de,added,1067,24375,1071
11,ais,do,adios,2104,28397,1169
12,anus,don,adnouns,4131,28713,1288
13,arf,dit,adrift,4842,28234,1329
14,aril,doty,adroitly,4916,28942,1333
15,ail,fed,afield,1967,35419,1655
16,are,fet,afreet,4813,35786,1664
17,ares,fet,afreets,4837,35786,1665
18,ai,go,agio,1943,41630,1803
19,ais,go,agios,2104,41630,1804
20,ala,gem,agleam,2130,40439,1824
21,ani,gal,agnail,3521,39661,1840
22,anis,gal,agnails,3562,39661,1841
23,ant,gae,agnate,3752,39597,1842
24,ants,gae,agnates,4121,39597,1843
25,arf,gae,agrafe,4842,39597,1886
26,arras,gain,agrarians,5072,39635,1897
27,are,ged,agreed,4813,40382,1902
28,ad,is,aids,1034,51333,1956
29,am,is,aims,2798,51333,1986
30,an,is,ains,3227,51333,1990
31,ar,in,airn,4642,48608,2060
32,ars,in,airns,5125,48608,2061
33,ar,is,airs,4642,51333,2074
34,ar,it,airt,4642,51508,2086
35,ars,it,airts,5125,51508,2094
36,at,is,aits,5689,51333,2111
37,age,la,algae,1718,53989,2314
38,ais,la,alias,2104,53989,2345
39,aine,lee,alienee,1988,55206,2367
40,aine,lees,alienees,1988,55223,2368
41,all,lee,allele,2467,55206,2492
42,alls,lee,alleles,2584,55206,2493
43,ale,lid,allied,2261,55780,2524
44,ale,lis,allies,2261,56319,2525
45,alt,lo,allot,2717,56501,2555
46,am,la,alma,2798,53989,2619
47,ask,lie,alsike,5331,55789,2714
48,asks,lie,alsikes,5342,55789,2715
49,as,lo,also,5236,56501,2716
50,at,lo,alto,5689,56501,2755
51,ai,ma,amia,1943,57699,2982
52,ais,ma,amias,2104,57699,2989
53,ai,me,amie,1943,59386,3010
54,ais,me,amies,2104,59386,3011
55,ana,mi,amnia,3228,60326,3076
56,area,met,amreeta,4814,60123,3183
57,ain,no,anion,1987,65147,3559
58,ain,nos,anions,1987,65743,3561
59,an,na,anna,3227,63969,3597
60,ants,nae,annates,4121,63992,3603
61,any,no,annoy,4145,65147,3645
62,any,nos,annoys,4145,65743,3653
63,as,na,ansa,5236,63969,3738
64,at,na,anta,5689,63969,3753
65,ate,na,antae,5717,63969,3756
66,ain,pa,apian,1987,70155,4260
67,air,pay,apiary,1993,71631,4266
68,alt,pie,aplite,2717,73393,4284
69,alts,pie,aplites,2764,73393,4285
70,ana,pe,apnea,3228,71659,4289
71,ana,pes,apneas,3228,72750,4291
72,as,pe,apse,5236,71659,4588
73,ass,pe,apses,5418,71659,4589
74,ass,pi,apsis,5418,73242,4592
75,ail,re,ariel,1967,80370,4909
76,ail,res,ariels,1967,83695,4910
77,ais,roe,ariose,2104,85654,4923
78,ars,ret,arrest,5125,84274,5084
79,arse,rete,arrestee,5126,84323,5086
80,arses,rete,arrestees,5141,84323,5087
81,as,re,arse,5236,80370,5126
82,ass,re,arses,5418,80370,5141
83,act,so,ascot,941,93134,5282
84,act,sos,ascots,941,93809,5283
85,ass,sit,assist,5418,91507,5525
86,am,ta,atma,2798,99148,5754
87,awe,ten,atween,6407,100464,5952
88,an,ut,aunt,3227,107965,6040
89,any,ut,aunty,4145,107965,6050
90,ars,uit,aurist,5125,105135,6079
91,aal,vis,avails,6,109446,6241
92,ain,vas,avians,1987,108422,6293
93,ae,we,awee,1453,110785,6411
94,amu,wos,awmous,3191,112673,6436
95,and,we,awned,3389,110785,6438
96,bad,ae,baaed,6772,1453,6560
97,ba,as,baas,6558,5236,6567
98,bin,ar,bairn,9637,4642,6887
99,bin,ars,bairns,9637,5125,6892
100,bi,at,bait,9320,5689,6893
101,bis,at,baits,9875,5689,6899
102,blet,ads,baldest,10271,1336,6945
103,blond,aloe,ballooned,10382,2659,7017
104,brad,ami,barmaid,11634,2981,7383
105,brad,amis,barmaids,11634,3028,7384
106,burn,ados,baudrons,13062,1323,7767
107,bus,ad,bauds,13140,1034,7769
108,by,as,bays,13350,5236,7829
109,bals,ekes,beakless,7054,30857,7886
110,ba,em,beam,6558,31171,7890
111,bals,emes,beamless,7054,31409,7897
112,bas,em,beams,7524,31171,7899
113,bay,em,beamy,7808,31171,7900
114,ba,en,bean,6558,31596,7901
115,bas,en,beans,7524,31596,7917
116,ba,er,bear,6558,32839,7918
117,bad,er,beard,6772,32839,7923
118,bad,ers,beards,6772,32968,7927
119,bas,er,bears,7524,32839,7934
120,bat,es,beast,7663,33007,7937
121,bat,ess,beasts,7663,33133,7945
122,ba,et,beat,6558,33238,7946
123,bas,et,beats,7524,33238,7963
124,be,ef,beef,7840,30664,8285
125,bey,ef,beefy,9285,30664,8299
126,be,en,been,7840,31596,8306
127,be,er,beer,7840,32839,8313
128,bey,er,beery,9285,32839,8317
129,be,es,bees,7840,33007,8318
130,be,et,beet,7840,33238,8323
131,big,en,being,9473,31596,8525
132,big,ens,beings,9473,32208,8526
133,by,es,beys,13350,33007,9292
134,bot,ho,bhoot,11316,45897,9316
135,ba,is,bias,6558,51333,9327
136,bot,in,biont,11316,48608,9743
137,bot,ins,bionts,11316,49987,9745
138,bo,is,bios,10657,51333,9756
139,boa,it,biota,10658,51508,9761
140,boa,its,biotas,10658,51552,9762
141,ban,li,blain,7076,55631,10070
142,ban,lis,blains,7076,56319,10071
143,bet,la,bleat,9123,53989,10215
144,bet,las,bleats,9123,54681,10220
145,bot,la,bloat,11316,53989,10352
146,bot,las,bloats,11316,54681,10357
147,bod,lo,blood,10758,56501,10389
148,bode,lord,bloodred,10759,57021,10406
149,bop,lo,bloop,11185,56501,10434
150,buns,lees,blueness,12919,55223,10567
151,bus,let,bluest,13140,55481,10579
152,bus,ley,bluesy,13140,55629,10582
153,ba,or,boar,6558,67434,10659
154,bad,or,board,6772,67434,10660
155,bad,ors,boards,6772,67728,10668
156,bas,or,boars,7524,67434,10674
157,bat,or,boart,7663,67434,10675
158,bat,ors,boarts,7663,67728,10676
159,ba,os,boas,6558,67757,10677
160,bat,os,boast,7663,67757,10678
161,blet,ods,boldest,10271,66693,10858
162,bold,ode,boodled,10856,66655,11055
163,bod,oe,booed,10758,66700,11060
164,boo,oho,boohoo,11047,66862,11067
165,boos,oho,boohoos,11140,66862,11070
166,bolt,oke,booklet,10911,66924,11089
167,bolt,okes,booklets,10911,66927,11090
168,bo,om,boom,10657,66999,11116
169,bos,om,booms,11267,66999,11129
170,boy,om,boomy,11571,66999,11132
171,bo,on,boon,10657,67069,11133
172,bos,on,boons,11267,67069,11136
173,bo,or,boor,10657,67434,11137
174,bos,or,boors,11267,67434,11139
175,bo,os,boos,10657,67757,11140
176,bot,os,boost,11316,67757,11141
177,bud,on,bound,12581,67069,11417
178,bud,ons,bounds,12581,67112,11428
179,bug,or,bourg,12638,67434,11442
180,bug,ors,bourgs,12638,67728,11450
181,bun,or,bourn,12855,67434,11451
182,bun,ore,bourne,12855,67569,11452
183,buns,ore,bournes,12919,67569,11453
184,bun,ors,bourns,12855,67728,11454
185,bus,ore,bourse,13140,67569,11457
186,buss,ore,bourses,13206,67569,11458
187,buy,os,bousy,13329,67757,11468
188,by,os,boys,13350,67757,11592
189,ba,re,brae,6558,80370,11642
190,bas,re,braes,7524,80370,11643
191,bed,ras,breads,8099,80083,11882
192,bet,rah,breath,9123,79687,11918
193,bets,rah,breaths,9195,79687,11929
194,be,re,bree,7840,80370,11942
195,bed,re,breed,8099,80370,11947
196,bed,res,breeds,8099,83695,11952
197,bi,re,brie,9320,80370,12052
198,bis,re,bries,9875,80370,12069
199,bod,ras,broads,10758,80083,12220
200,brig,urn,burring,12070,107874,13095
201,bra,us,bursa,11595,107909,13107
202,bra,use,bursae,11595,107919,13108
203,bred,use,burseed,11939,107919,13117
204,bred,uses,burseeds,11939,107932,13118
205,by,us,buys,13350,107909,13334
206,bra,yod,byroad,11595,113265,13384
207,bras,yod,byroads,11749,113265,13385
208,clip,aloe,calliope,18059,2659,13842
209,clips,aloe,calliopes,18067,2659,13843
210,cris,ane,carnies,22554,3405,14804
211,cry,an,carny,22929,3227,14818
212,cris,are,carries,22554,4813,14897
213,cry,ar,carry,22929,4642,14919
214,cue,as,cause,23041,5236,15402
215,cue,ass,causes,23041,5418,15408
216,clue,ell,cellule,18274,31076,15622
217,clue,ells,cellules,18274,31082,15623
218,col,er,ceorl,19013,32839,15766
219,col,ers,ceorls,19013,32968,15768
220,can,hi,chain,14068,45549,15958
221,can,hie,chaine,14068,45608,15959
222,cans,hie,chaines,14272,45608,15961
223,can,his,chains,14068,45833,15965
224,car,hi,chair,14526,45549,15966
225,card,hie,chaired,14642,45608,15967
226,car,his,chairs,14526,45833,15978
227,can,hut,chaunt,14068,47230,16365
228,cans,hut,chaunts,14272,47230,16370
229,cere,heir,cheerier,15793,45022,16479
230,cord,hie,choired,21117,45608,16993
231,cos,hoe,choose,21435,46000,17026
232,coss,hoe,chooses,21486,46000,17029
233,cosy,hoe,choosey,21527,46000,17030
234,cos,hoy,choosy,21435,46871,17034
235,cog,huh,chough,18844,46936,17125
236,cogs,huh,choughs,18888,46936,17126
237,cos,hue,chouse,21435,46909,17127
238,coss,hue,chouses,21486,46909,17131
239,cos,huh,choush,21435,46936,17132
240,cos,in,cions,21435,48608,17450
241,cam,li,claim,13946,55631,17661
242,cam,lis,claims,13946,56319,17668
243,cot,lo,cloot,21528,56501,18152
244,cat,op,coapt,15144,67207,18414
245,cat,ops,coapts,15144,67360,18417
246,cat,os,coast,15144,67757,18436
247,clue,old,collude,18274,66931,19153
248,clue,olds,colludes,18274,66940,19157
249,cod,oe,cooed,18649,66700,20835
250,coy,oe,cooey,22018,66700,20842
251,coy,oes,cooeys,22018,66716,20845
252,cos,of,coofs,21435,66730,20847
253,cols,okes,cookless,19232,66927,20865
254,cons,oles,coolness,20315,66969,20886
255,cob,om,coomb,18486,66999,20890
256,cob,oms,coombs,18486,67068,20893
257,cos,on,coons,21435,67069,20897
258,cos,op,coops,21435,67207,20918
259,cot,op,coopt,21528,67207,20919
260,cot,ops,coopts,21528,67360,20924
261,cris,obe,corbies,22554,66221,21113
262,cry,od,cordy,22929,66638,21151
263,cry,on,corny,22929,67069,21264
264,cris,ore,corries,22554,67569,21354
265,cue,od,coude,23041,66638,21586
266,cue,ole,coulee,23041,66947,21598
267,cues,ole,coulees,23044,66947,21599
268,cut,on,count,23517,67069,21632
269,cuts,ones,countess,23580,67099,21786
270,cut,ons,counts,23517,67112,21799
271,cue,op,coupe,23041,67207,21802
272,cue,ops,coupes,23041,67360,21804
273,cult,ope,couplet,23118,67233,21811
274,cult,opes,couplets,23118,67281,21812
275,cuss,ore,courses,23485,67569,21836
276,cut,or,court,23517,67434,21839
277,cut,ors,courts,23517,67728,21857
278,cess,ree,creeses,15886,81649,22379
279,cop,rue,croupe,20938,86259,22738
280,cops,rue,croupes,21036,86259,22739
281,cos,rue,crouse,21435,86259,22747
282,cut,re,cruet,23517,80370,22823
283,cut,res,cruets,23517,83695,22824
284,dite,anis,dainties,28243,3562,23914
285,dit,any,dainty,28234,4145,23919
286,die,ass,daises,26790,5418,23931
287,dui,ate,dautie,29824,5717,24289
288,da,ef,deaf,23791,30664,24427
289,da,el,deal,23791,30863,24442
290,da,en,dean,23791,31596,24454
291,da,er,dear,23791,32839,24462
292,dais,ere,dearies,23930,32863,24466
293,day,er,deary,24327,32839,24473
294,dah,es,deash,23884,33007,24474
295,dah,et,death,23884,33238,24479
296,de,em,deem,24375,31171,24881
297,des,em,deems,25958,31171,24884
298,de,er,deer,24375,32839,24900
299,des,er,deers,25958,32839,24903
300,de,es,dees,24375,33007,24910
301,dim,es,deism,27007,33007,25240
302,dim,ess,deisms,27007,33133,25241
303,dit,es,deist,28234,33007,25242
304,dit,ess,deists,28234,33133,25244
305,dry,er,derry,29670,32839,25955
306,dol,hoy,dhooly,28611,46871,26509
307,dais,ire,diaries,23930,51195,26655
308,de,id,died,24375,47644,26794
309,dee,in,diene,24870,48608,26803
310,dee,ins,dienes,24870,49987,26804
311,de,is,dies,24375,51333,26808
312,de,it,diet,24375,51508,26821
313,des,it,diets,25958,51508,26832
314,doe,id,diode,28493,47644,27134
315,doe,ids,diodes,28493,47753,27135
316,dry,it,dirty,29670,51508,27291
317,de,or,doer,24375,67434,28494
318,des,or,doers,25958,67434,28495
319,de,os,does,24375,67757,28496
320,die,old,doiled,26790,66931,28601
321,dig,on,doing,26868,67069,28604
322,dig,ons,doings,26868,67112,28605
323,dol,ode,doodle,28611,66655,28761
324,dols,ode,doodles,28653,66655,28765
325,doe,ole,doolee,28493,66947,28767
326,does,ole,doolees,28496,66947,28768
327,do,om,doom,28397,66999,28772
328,dos,om,dooms,28879,66999,28776
329,do,or,door,28397,67434,28781
330,dols,ores,doorless,28653,67578,28788
331,dos,or,doors,28879,67434,28797
332,dry,om,dormy,29670,66999,28855
333,duet,ors,dourest,29804,67728,28998
334,duns,ores,dourness,29958,67578,29002
335,due,os,douse,29777,67757,29004
336,damn,rya,drayman,23993,86543,29316
337,damn,rye,draymen,23993,86545,29317
338,de,re,dree,24375,80370,29354
339,des,re,drees,25958,80370,29357
340,did,re,dried,26766,80370,29411
341,dees,uns,dueness,24910,106886,29799
342,de,us,dues,24375,107909,29803
343,de,ut,duet,24375,107965,29804
344,des,ut,duets,25958,107965,29805
345,do,us,duos,28397,107909,29979
346,era,alp,earlap,32840,2678,30258
347,eras,alp,earlaps,32850,2678,30259
348,er,an,earn,32839,3227,30279
349,ere,and,earned,32863,3389,30280
350,ers,an,earns,32968,3227,30290
351,er,as,ears,32839,5236,30299
352,es,ae,ease,33007,1453,30344
353,ess,ae,eases,33133,1453,30351
354,es,at,east,33007,5689,30359
355,ess,at,easts,33133,5689,30367
356,es,ay,easy,33007,6504,30370
357,et,ah,eath,33238,1930,30380
358,et,as,eats,33238,5236,30383
359,el,es,eels,30863,33007,30653
360,eft,fee,effete,30740,35440,30705
361,eh,li,elhi,30805,55631,31039
362,eon,li,eloin,32561,55631,31098
363,eon,lis,eloins,32561,56319,31103
364,egg,nae,engage,30759,63992,31960
365,eggs,nae,engages,30774,63992,31966
366,els,nit,enlist,31118,65078,32100
367,erg,nae,enrage,32890,63992,32169
368,ergs,nae,enrages,32901,63992,32171
369,eros,not,enroots,32928,65783,32207
370,en,os,eons,31596,67757,32565
371,eh,pa,epha,30805,70155,32586
372,en,re,erne,31596,80370,32918
373,ens,re,ernes,32208,80370,32919
374,ern,rad,errand,32917,79537,32946
375,erns,rad,errands,32920,79537,32947
376,ern,rat,errant,32917,80127,32948
377,erns,rat,errants,32920,80127,32952
378,ern,rig,erring,32917,85192,32961
379,ess,re,erses,33133,80370,32971
380,en,ta,etna,31596,99148,33357
381,ens,ta,etnas,32208,99148,33358
382,en,ye,eyne,31596,113123,34582
383,er,ya,eyra,32839,112974,34583
384,ers,ya,eyras,32968,112974,34584
385,er,ye,eyre,32839,113123,34585
386,ers,ye,eyres,32968,113123,34586
387,fey,ar,faery,35871,4642,34722
388,fil,ale,faille,36071,2261,34749
389,fils,ale,failles,36178,2261,34750
390,fit,an,faint,36516,3227,34759
391,fins,ares,fairness,36327,4837,34784
392,fa,el,feal,34591,30863,35344
393,fa,er,fear,34591,32839,35347
394,fas,er,fears,35117,32839,35360
395,fat,es,feast,35176,33007,35372
396,fat,ess,feasts,35176,33133,35378
397,fa,et,feat,34591,33238,35379
398,fas,et,feats,35117,33238,35393
399,fees,els,feeless,35473,31118,35469
400,fit,en,feint,36516,31596,35486
401,fit,ens,feints,36516,32208,35489
402,fit,es,feist,36516,33007,35491
403,fit,ess,feists,36516,33133,35494
404,fly,el,felly,37430,30863,35545
405,fry,el,ferly,39066,30863,35664
406,fry,en,ferny,39066,31596,35688
407,fry,er,ferry,39066,32839,35728
408,far,ice,fiacre,35009,47573,35880
409,fa,it,fiat,34591,51508,35892
410,fas,it,fiats,35117,51508,35893
411,fed,in,fiend,35419,48608,36004
412,fed,ins,fiends,35419,49987,36007
413,far,li,flair,35009,55631,36648
414,far,lis,flairs,35009,56319,36649
415,fets,leet,fleetest,35823,55224,36933
416,fetes,lens,fleetness,35803,55416,36935
417,for,lo,floor,37817,56501,37151
418,fun,let,fluent,39241,55481,37285
419,fud,li,fluid,39098,55631,37298
420,fud,lis,fluids,39098,56319,37317
421,fur,lo,fluor,39316,56501,37351
422,fa,om,foam,34591,66999,37482
423,fas,om,foams,35117,66999,37492
424,fay,om,foamy,35332,66999,37493
425,fen,oh,foehn,35602,66850,37524
426,fen,ohs,foehns,35602,66863,37525
427,fil,obe,foible,36071,66221,37568
428,fils,obe,foibles,36178,66221,37569
429,fie,old,foiled,35993,66931,37572
430,fit,os,foist,36516,67757,37583
431,foe,old,fooled,37523,66931,37703
432,fry,obe,forbye,39066,66221,37858
433,fro,od,fordo,38889,66638,37878
434,fret,own,forwent,38715,70023,38310
435,funs,oles,foulness,39315,66969,38352
436,fud,on,found,39098,67069,38355
437,fud,ons,founds,39098,67112,38369
438,fa,re,frae,34591,80370,38465
439,fed,re,freed,35419,80370,38614
440,fens,rees,freeness,35630,81779,38633
441,fer,re,freer,35645,80370,38635
442,fer,res,freers,35645,83695,38636
443,fez,ree,freeze,35876,81649,38645
444,fir,ras,friars,36334,80083,38736
445,fir,ray,friary,36334,80339,38737
446,fid,re,fried,35962,80370,38753
447,fin,red,friend,36206,81376,38754
448,fine,redd,friended,36248,81412,38755
449,fins,red,friends,36327,81376,38764
450,fir,re,frier,36334,80370,38767
451,fir,res,friers,36334,83695,38768
452,fiz,ree,frieze,36574,81649,38770
453,frig,urn,furring,38772,107874,39396
454,frig,urns,furrings,38772,107876,39397
455,gie,and,gained,40878,3389,39637
456,gnu,age,gangue,41628,1718,39948
457,gnus,age,gangues,41629,1718,39949
458,guy,ad,gaudy,43370,1034,40254
459,gut,an,gaunt,43341,3227,40272
460,gas,er,gears,40129,32839,40372
461,gee,es,geese,40384,33007,40394
462,get,es,geest,40751,33007,40395
463,get,ess,geests,40751,33133,40396
464,gat,in,giant,40213,48608,40827
465,gat,ins,giants,40213,49987,40832
466,grig,inn,girning,42607,49883,41067
467,gar,li,glair,40001,55631,41163
468,gar,lie,glaire,40001,55789,41164
469,gars,lie,glaires,40120,55789,41166
470,gar,lis,glairs,40001,56319,41170
471,gem,la,gleam,40439,53989,41244
472,gem,las,gleams,40439,54681,41249
473,gem,lay,gleamy,40439,54967,41250
474,get,ley,gleety,40751,55629,41285
475,got,la,gloat,42023,53989,41361
476,got,las,gloats,42023,54681,41366
477,gae,odd,goaded,39597,66641,41633
478,gas,od,goads,40129,66638,41636
479,gae,old,goaled,39597,66931,41638
480,gals,oles,goalless,39793,66969,41644
481,gig,on,going,40889,67069,41767
482,gig,ons,goings,40889,67112,41768
483,go,od,good,41630,66638,41879
484,goy,od,goody,42084,66638,41898
485,goy,oe,gooey,42084,66700,41899
486,go,of,goof,41630,66730,41900
487,goy,of,goofy,42084,66730,41911
488,go,on,goon,41630,67069,41923
489,goy,on,goony,42084,67069,41929
490,go,op,goop,41630,67207,41930
491,go,os,goos,41630,67757,41934
492,goy,os,goosy,42084,67757,41946
493,gal,ras,graals,39661,80083,42089
494,get,ras,greats,40751,80083,42467
495,ged,re,greed,40382,80370,42478
496,ged,res,greeds,40382,83695,42484
497,genet,reis,greeniest,40518,82580,42505
498,get,re,greet,40751,80370,42519
499,get,res,greets,40751,83695,42525
500,gens,ryes,greyness,40569,86548,42562
501,got,ras,groats,42023,80083,42738
502,gone,rudd,grounded,41842,86230,42816
503,gul,re,gruel,43141,80370,42908
504,gul,res,gruels,43141,83695,42919
505,gas,un,guans,40129,105257,43011
506,get,us,guest,40751,107909,43069
507,gie,us,guise,40878,107909,43135
508,ha,ar,haar,43478,4642,43481
509,has,ar,haars,44397,4642,43482
510,he,ad,haed,44665,1034,43581
511,he,am,haem,44665,2798,43583
512,hes,am,haems,45456,2798,43594
513,he,an,haen,44665,3227,43595
514,he,as,haes,44665,5236,43598
515,he,at,haet,44665,5689,43599
516,hes,at,haets,45456,5689,43600
517,hi,ar,hair,45549,4642,43676
518,his,ar,hairs,45833,4642,43708
519,hut,an,haunt,47230,3227,44524
520,ha,el,heal,43478,30863,44757
521,hae,eld,healed,43580,30914,44759
522,has,el,heals,44397,30863,44763
523,ha,er,hear,43478,32839,44777
524,had,er,heard,43559,32839,44779
525,hae,err,hearer,43580,32943,44780
526,haes,err,hearers,43598,32943,44781
527,has,er,hears,44397,32839,44788
528,has,ere,hearse,44397,32863,44791
529,hat,er,heart,44437,32839,44795
530,hat,ers,hearts,44437,32968,44824
531,ha,et,heat,43478,33238,44835
532,hah,et,heath,43659,33238,44841
533,has,et,heats,44397,33238,44853
534,hair,eve,heavier,43676,33549,44869
535,he,el,heel,44665,30863,44961
536,hes,el,heels,45456,30863,44972
537,hi,el,heil,45549,30863,45012
538,hie,eld,heiled,45608,30914,45013
539,his,el,heils,45833,30863,45015
540,hi,er,heir,45549,32839,45022
541,hies,ers,heiress,45620,32968,45026
542,his,er,heirs,45833,32839,45032
543,hit,es,heist,45871,33007,45035
544,hit,ess,heists,45871,33133,45040
545,he,id,hied,44665,47644,45609
546,he,is,hies,44665,51333,45620
547,ha,or,hoar,43478,67434,45904
548,had,or,hoard,43559,67434,45905
549,had,ors,hoards,43559,67728,45911
550,hair,ore,hoarier,43676,67569,45914
551,has,or,hoars,44397,67434,45919
552,has,ore,hoarse,44397,67569,45920
553,hay,or,hoary,44603,67434,45930
554,ha,ox,hoax,43478,70034,45934
555,he,od,hoed,44665,66638,46003
556,he,or,hoer,44665,67434,46008
557,hes,or,hoers,45456,67434,46009
558,he,os,hoes,44665,67757,46010
559,hie,os,hoise,45608,67757,46056
560,hit,os,hoist,45871,67757,46060
561,ho,od,hood,45897,66638,46388
562,hoe,odd,hooded,46000,66641,46389
563,hoy,oe,hooey,46871,66700,46406
564,hoy,oes,hooeys,46871,66716,46407
565,ho,of,hoof,45897,66730,46408
566,holt,oke,hooklet,46182,66924,46433
567,holt,okes,hooklets,46182,66927,46434
568,ho,op,hoop,45897,67207,46448
569,hue,os,house,46909,67757,46773
570,he,us,hues,44665,107909,46912
571,into,girn,ignitron,50771,41065,47791
572,ifs,net,infest,47769,64669,49500
573,if,no,info,47763,65147,49599
574,ifs,no,infos,47769,65147,49622
575,it,no,into,51508,65147,50771
576,in,os,ions,48608,67757,51176
577,ills,sees,isleless,47878,89017,51362
578,jut,an,jaunt,52657,3227,51824
579,jut,any,jaunty,52657,4145,51833
580,jee,err,jeerer,51898,32943,51906
581,jees,err,jeerers,51910,32943,51907
582,jut,os,joust,52657,67757,52372
583,ka,as,kaas,52677,5236,52678
584,kos,an,kaons,53833,3227,52829
585,ka,es,keas,52677,33007,52915
586,keet,ens,keenest,52995,32208,52975
587,kris,era,kerrias,53888,32840,53119
588,kris,ere,kerries,53888,32863,53120
589,keg,li,kleig,53003,55631,53567
590,ka,on,koan,52677,67069,53764
591,kas,on,koans,52867,67069,53765
592,ka,os,koas,52677,67757,53766
593,li,ad,laid,55631,1034,54256
594,li,an,lain,55631,3227,54259
595,li,ar,lair,55631,4642,54260
596,lid,ar,laird,55780,4642,54261
597,lid,ars,lairds,55780,5125,54263
598,lis,ar,lairs,56319,4642,54266
599,la,ef,leaf,53989,30664,55055
600,las,ef,leafs,54681,30664,55066
601,lay,ef,leafy,54967,30664,55069
602,lair,eke,leakier,54260,30855,55084
603,la,el,leal,53989,30863,55091
604,la,en,lean,53989,31596,55095
605,las,en,leans,54681,31596,55104
606,lat,en,leant,54728,31596,55105
607,la,er,lear,53989,32839,55117
608,lair,ere,learier,54260,32863,55118
609,land,ere,learned,54426,32863,55121
610,las,er,lears,54681,32839,55128
611,lay,er,leary,54967,32839,55129
612,la,es,leas,53989,33007,55130
613,lat,es,least,54728,33007,55143
614,lat,ess,leasts,54728,33133,55144
615,lair,eve,leavier,54260,33549,55160
616,ley,er,leery,55629,32839,55222
617,li,es,leis,55631,33007,55351
618,lag,in,liang,54209,48608,55645
619,lag,ins,liangs,54209,49987,55646
620,leet,ifs,liefest,55224,47769,55794
621,lens,ire,liernes,55416,51195,55808
622,lo,in,lion,56501,48608,56218
623,la,od,load,53989,66638,56504
624,las,od,loads,54681,66638,56510
625,la,of,loaf,53989,66730,56513
626,las,of,loafs,54681,66730,56518
627,la,om,loam,53989,66999,56519
628,las,om,loams,54681,66999,56525
629,lay,om,loamy,54967,66999,56526
630,la,on,loan,53989,67069,56527
631,las,on,loans,54681,67069,56534
632,less,ose,loesses,55466,67779,56724
633,li,on,loin,55631,67069,56812
634,lis,on,loins,56319,67069,56813
635,lo,of,loof,56501,66730,56921
636,lo,om,loom,56501,66999,56942
637,lo,on,loon,56501,67069,56946
638,lo,op,loop,56501,67207,56953
639,lo,os,loos,56501,67757,56966
640,lug,one,lounge,57320,67090,57124
641,lugs,one,lounges,57331,67090,57128
642,ma,ar,maar,57699,4642,57700
643,mas,ar,maars,58937,4642,57701
644,me,as,maes,59386,5236,57864
645,mi,ad,maid,60326,1034,58004
646,mis,ad,maids,61111,1034,58015
647,mir,age,maigre,61068,1718,58017
648,mils,ales,mailless,60748,2285,58034
649,mi,am,maim,60326,2798,58044
650,mis,am,maims,61111,2798,58049
651,mi,an,main,60326,3227,58050
652,mil,any,mainly,60573,4145,58057
653,mis,an,mains,61111,3227,58060
654,mi,ar,mair,60326,4642,58082
655,mis,ar,mairs,61111,4642,58083
656,mu,an,maun,63156,3227,59252
657,mud,an,maund,63212,3227,59253
658,mud,any,maundy,63212,4145,59260
659,mu,at,maut,63156,5689,59264
660,mus,at,mauts,63609,5689,59265
661,my,aa,maya,63829,1,59318
662,my,as,mays,63829,5236,59352
663,ma,el,meal,57699,30863,59402
664,mas,el,meals,58937,30863,59408
665,may,el,mealy,59317,30863,59413
666,ma,en,mean,57699,31596,59416
667,mas,en,means,58937,31596,59434
668,mat,en,meant,59093,31596,59435
669,may,en,meany,59317,31596,59440
670,ma,et,meat,57699,33238,59458
671,mas,et,meats,58937,33238,59470
672,may,et,meaty,59317,33238,59473
673,me,et,meet,59386,33238,59611
674,mil,eke,meikle,60573,30855,59659
675,me,in,mien,59386,48608,60521
676,ma,on,moan,57699,67069,61981
677,mas,on,moans,58937,67069,61985
678,ma,os,moas,57699,67757,61986
679,mod,oe,mooed,62041,66700,62575
680,mols,ones,moonless,62255,67099,62602
681,molt,one,moonlet,62256,67090,62603
682,molt,ones,moonlets,62256,67099,62604
683,most,one,moonset,62886,67090,62620
684,most,ones,moonsets,62886,67099,62621
685,mu,oe,moue,63156,66700,63012
686,mus,oe,moues,63609,66700,63013
687,mule,oil,mouille,63319,66866,63018
688,mud,on,mound,63212,67069,63043
689,mud,ons,mounds,63212,67112,63046
690,mut,on,mount,63736,67069,63047
691,mut,ons,mounts,63736,67112,63065
692,mun,or,mourn,63484,67434,63066
693,mun,ors,mourns,63484,67728,63078
694,mus,ose,mousse,63609,67779,63094
695,muss,ose,mousses,63700,67779,63095
696,no,ai,naoi,65147,1943,64078
697,no,as,naos,65147,5236,64079
698,na,er,near,63969,32839,64358
699,nae,err,nearer,63992,32943,64361
700,na,et,neat,63969,33238,64374
701,nit,es,neist,65078,33007,64554
702,no,en,neon,65147,31596,64582
703,nos,en,neons,65743,31596,64587
704,nu,em,neum,65919,31171,64703
705,nus,em,neums,66097,31171,64708
706,nurl,eta,neutral,66078,33239,64757
707,nurl,etas,neutrals,66078,33248,64766
708,no,on,noon,65147,67069,65679
709,nos,on,noons,65743,67069,65684
710,nu,on,noun,65919,67069,65860
711,nus,on,nouns,66097,67069,65864
712,nu,os,nous,65919,67757,65871
713,of,as,oafs,66730,5236,66180
714,or,as,oars,67434,5236,66198
715,os,at,oast,67757,5689,66203
716,oe,by,obey,66700,13350,66253
717,oes,by,obeys,66716,13350,66259
718,ora,cee,ocreae,67435,15555,66584
719,oe,da,odea,66700,23791,66656
720,our,eve,oeuvre,67932,33549,66728
721,ours,eve,oeuvres,67940,33549,66729
722,ohms,gait,oghamist,66861,39655,66827
723,ohm,gas,oghams,66855,40129,66829
724,or,ka,okra,67434,52677,66929
725,ors,ka,okras,67728,52677,66930
726,ods,let,oldest,66693,55481,66934
727,ode,li,oldie,66655,55631,66935
728,ode,lis,oldies,66655,56319,66936
729,oe,la,olea,66700,53989,66948
730,oe,lo,oleo,66700,56501,66965
731,oes,lo,oleos,66716,56501,66968
732,oh,os,oohs,66850,67757,67152
733,op,os,oops,67207,67757,67179
734,oil,re,oriel,66866,80370,67629
735,oil,res,oriels,66866,83695,67630
736,oil,roe,oriole,66866,85654,67662
737,oils,roe,orioles,66893,85654,67663
738,od,us,ouds,66638,107909,67919
739,or,us,ours,67434,107909,67940
740,os,ut,oust,67757,107965,67945
741,os,we,owse,67757,110785,70032
742,pen,aa,paean,72074,1,70272
743,pen,aas,paeans,72074,14,70275
744,pi,ad,paid,73242,1034,70323
745,pi,an,pain,73242,3227,70333
746,pie,and,pained,73393,3389,70336
747,pis,an,pains,73905,3227,70347
748,pit,an,paint,73950,3227,70350
749,pit,any,painty,73950,4145,70361
750,pi,ar,pair,73242,4642,70362
751,pis,ar,pairs,73905,4642,70365
752,pia,as,paisa,73243,5236,70366
753,pia,ass,paisas,73243,5418,70371
754,pie,as,paise,73393,5236,70372
755,ply,am,palmy,74720,2798,70494
756,ply,as,palsy,74720,5236,70524
757,pry,ad,pardy,77981,1034,70962
758,pree,aits,parietes,76246,2111,71022
759,pro,art,parrot,77132,5153,71131
760,pros,art,parrots,77690,5153,71136
761,pry,ar,parry,77981,4642,71139
762,pry,at,party,77981,5689,71232
763,psis,ate,pasties,78019,5717,71350
764,pye,ae,payee,78727,1453,71639
765,pair,eke,peakier,70362,30855,71707
766,pals,ekes,peakless,70521,30857,71711
767,pa,el,peal,70155,30863,71715
768,pas,el,peals,71247,30863,71719
769,pa,en,pean,70155,31596,71720
770,pas,en,peans,71247,31596,71721
771,pa,er,pear,70155,32839,71724
772,pal,er,pearl,70377,32839,71725
773,pal,ers,pearls,70377,32968,71736
774,pas,er,pears,71247,32839,71740
775,pat,er,peart,71386,32839,71741
776,pa,es,peas,70155,33007,71745
777,pa,et,peat,70155,33238,71757
778,pas,et,peats,71247,33238,71760
779,pay,et,peaty,71631,33238,71761
780,pe,el,peel,71659,30863,71925
781,pee,eld,peeled,71914,30914,71927
782,pes,el,peels,72750,30863,71932
783,pe,en,peen,71659,31596,71933
784,pee,end,peened,71914,31765,71934
785,pes,en,peens,72750,31596,71936
786,pe,er,peer,71659,32839,71949
787,pees,ers,peeress,71961,32968,71953
788,pes,er,peers,72750,32839,71959
789,pe,es,pees,71659,33007,71961
790,pee,ewe,peewee,71914,33671,71974
791,pees,ewe,peewees,71961,33671,71975
792,pi,en,pein,73242,31596,71990
793,pie,end,peined,73393,31765,71991
794,pis,en,peins,73905,31596,71993
795,pie,es,peise,73393,33007,71994
796,pie,ess,peises,73393,33133,71996
797,pro,ern,perron,77132,32917,72623
798,pros,ern,perrons,77690,32917,72624
799,pry,er,perry,77981,32839,72625
800,pa,in,pian,70155,48608,73252
801,pas,in,pians,71247,48608,73260
802,pa,is,pias,70155,51333,73261
803,pe,id,pied,71659,47644,73406
804,pe,is,pies,71659,51333,73426
805,pea,it,pieta,71660,51508,73427
806,pea,its,pietas,71660,51552,73428
807,pig,in,piing,73439,48608,73493
808,pac,lie,plaice,70159,55789,74106
809,pacs,lie,plaices,70225,55789,74107
810,pad,li,plaid,70230,55631,74108
811,pad,lis,plaids,70230,56319,74110
812,pan,li,plain,70558,55631,74111
813,panes,lins,plainness,70630,56194,74117
814,pan,lis,plains,70558,56319,74119
815,pan,lit,plaint,70558,56351,74120
816,pans,lit,plaints,70690,56351,74125
817,pat,li,plait,71386,55631,74130
818,pat,lis,plaits,71386,56319,74136
819,pals,lyes,playless,70521,57623,74341
820,pe,la,plea,71659,53989,74366
821,ped,la,plead,71831,53989,74371
822,ped,las,pleads,71831,54681,74377
823,pes,la,pleas,72750,53989,74378
824,pet,la,pleat,72787,53989,74399
825,pet,las,pleats,72787,54681,74404
826,pea,lid,pleiad,71660,55780,74433
827,peas,lid,pleiads,71745,55780,74435
828,pens,loam,pleonasm,72193,56519,74457
829,piny,lac,pliancy,73797,54054,74481
830,pin,lat,pliant,73616,54728,74482
831,pe,om,poem,71659,66999,74804
832,pes,om,poems,72750,66999,74805
833,pit,on,point,73950,67069,74855
834,pit,one,pointe,73950,67090,74856
835,pits,one,pointes,74007,67090,74860
836,pit,ons,points,73950,67112,74867
837,pi,os,pois,73242,67757,74869
838,pie,os,poise,73393,67757,74870
839,pol,ode,poodle,74904,66655,75230
840,pols,ode,poodles,75059,66655,75231
841,poet,ors,poorest,74808,67728,75253
842,poi,or,poori,74844,67434,75254
843,poi,ors,pooris,74844,67728,75255
844,pons,ores,poorness,75204,67578,75258
845,pro,on,porno,77132,67069,75354
846,pro,ons,pornos,77132,67112,75357
847,pus,of,poufs,78625,66730,75754
848,pud,on,pound,78143,67069,75773
849,pud,ons,pounds,78143,67112,75782
850,pus,or,pours,78625,67434,75789
851,pam,ras,praams,70540,80083,75838
852,per,ram,prearm,72324,79805,75992
853,pe,re,pree,71659,80370,76246
854,ped,re,preed,71831,80370,76247
855,pen,re,preen,72074,80370,76269
856,pend,ree,preened,72109,81649,76274
857,pen,res,preens,72074,83695,76278
858,pes,re,prees,72750,80370,76279
859,pis,re,pries,73905,80370,76928
860,pis,ret,priest,73905,84274,76929
861,piss,ret,priests,73926,84274,76941
862,pams,slit,psalmist,70557,92255,77991
863,pin,use,puisne,73616,107919,78215
864,pins,use,puisnes,73763,107919,78216
865,ply,up,pulpy,74720,107369,78280
866,prig,urn,purring,76942,107874,78588
867,pry,us,pursy,77981,107909,78613
868,psis,use,pussies,78019,107919,78657
869,riot,anus,rainouts,85355,4131,79744
870,ram,el,realm,79805,30863,80565
871,ram,els,realms,79805,31118,80566
872,ras,el,reals,80083,30863,80569
873,ras,em,reams,80083,31171,80581
874,ram,er,rearm,79805,32839,80646
875,ram,ers,rearms,79805,32968,80651
876,ras,er,rears,80083,32839,80664
877,re,ef,reef,80370,30664,81680
878,res,ef,reefs,83695,30664,81687
879,re,el,reel,80370,30863,81702
880,ree,eld,reeled,81649,30914,81708
881,res,el,reels,83695,30863,81712
882,re,es,rees,80370,33007,81779
883,ret,es,reest,84274,33007,81780
884,ret,ess,reests,84274,33133,81793
885,rue,es,reuse,86259,33007,84569
886,rue,ess,reuses,86259,33133,84571
887,re,ha,rhea,80370,43478,84898
888,res,ha,rheas,83695,43478,84899
889,rat,in,riant,80127,48608,85005
890,ras,od,roads,80083,66638,85521
891,ras,om,roams,80083,66999,85535
892,ras,on,roans,80083,67069,85537
893,ras,or,roars,80083,67434,85544
894,rat,os,roast,80127,67757,85545
895,re,os,roes,80370,67757,85659
896,roe,os,roose,85654,67757,85809
897,rot,os,roost,85931,67757,85815
898,run,oe,rouen,86389,66700,85991
899,run,oes,rouens,86389,66716,85992
900,rudd,one,rounded,86230,67090,86039
901,rue,opt,roupet,86259,67374,86057
902,rue,os,rouse,86259,67757,86064
903,rut,os,roust,86521,67757,86072
904,re,us,rues,80370,107909,86267
905,rial,unbe,ruinable,85001,105341,86310
906,rig,un,ruing,85192,105257,86318
907,si,ad,said,90879,1034,86788
908,sis,ad,saids,91485,1034,86789
909,si,an,sain,90879,3227,86807
910,sis,an,sains,91485,3227,86812
911,sit,an,saint,91507,3227,86813
912,slid,ale,sallied,92153,2261,86911
913,sly,at,salty,92463,5689,86994
914,sped,aha,saphead,94267,1931,87269
915,specs,aine,sapiences,94236,1988,87277
916,stey,ait,satiety,95958,2108,87455
917,sue,at,saute,97626,5689,87553
918,sued,ate,sauteed,97627,5717,87555
919,sae,cry,scarey,86703,22929,87854
920,shoe,cold,schooled,90485,19018,88047
921,sin,cos,scions,91341,21435,88112
922,sop,cos,scoops,93672,21435,88192
923,sot,cos,scoots,93810,21435,88199
924,sord,cue,scoured,93732,23041,88259
925,sos,cue,scouse,93809,23041,88271
926,sure,cris,scurries,98283,22554,88600
927,sae,eld,sealed,86703,30914,88682
928,sals,emes,seamless,86950,31409,88706
929,say,em,seamy,87676,31171,88715
930,sae,err,searer,86703,32943,88736
931,see,eld,seeled,88946,30914,88986
932,sees,ers,seeress,89017,32968,89012
933,sinus,eger,seigneurs,91434,30749,89056
934,si,es,seis,90879,33007,89067
935,sim,es,seism,91248,33007,89078
936,sim,ess,seisms,91248,33133,89085
937,spa,et,septa,93970,33238,89416
938,sris,ere,serries,95255,32863,89585
939,sag,huh,shaugh,86735,46936,90041
940,sags,huh,shaughs,86775,46936,90042
941,sel,ha,sheal,89106,43478,90077
942,sel,has,sheals,89106,44397,90080
943,ser,ha,shear,89466,43478,90081
944,ser,has,shears,89466,44397,90086
945,set,hah,sheath,89639,43659,90088
946,sets,hah,sheaths,89656,43659,90095
947,sen,he,sheen,89255,44665,90113
948,sen,hes,sheens,89255,45456,90123
949,sen,hey,sheeny,89255,45544,90124
950,ser,he,sheer,89466,44665,90133
951,ser,hes,sheers,89466,45456,90139
952,set,he,sheet,89639,44665,90140
953,set,hes,sheets,89639,45456,90147
954,sel,ho,sheol,89106,45897,90208
955,sec,huh,sheuch,88799,46936,90239
956,secs,huh,sheuchs,88861,46936,90240
957,sir,he,shier,91456,44665,90266
958,sir,hes,shiers,91456,45456,90267
959,sis,he,shies,91485,44665,90268
960,sis,het,shiest,91485,45473,90269
961,sol,ha,shoal,93334,43478,90458
962,sold,hae,shoaled,93378,43580,90459
963,sols,haet,shoalest,93493,43599,90461
964,sole,hair,shoalier,93396,43676,90462
965,sol,has,shoals,93334,44397,90465
966,sol,hay,shoaly,93334,44603,90466
967,sot,ha,shoat,93810,43478,90467
968,sot,has,shoats,93810,44397,90468
969,so,he,shoe,93134,44665,90485
970,sod,he,shoed,93240,44665,90488
971,sos,he,shoes,93809,44665,90504
972,so,ho,shoo,93134,45897,90521
973,sol,ho,shool,93334,45897,90528
974,sold,hoe,shooled,93378,46000,90529
975,son,ho,shoon,93574,45897,90532
976,sos,ho,shoos,93809,45897,90533
977,sot,ho,shoot,93810,45897,90534
978,sly,it,silty,92463,51508,91225
979,sen,ka,skean,89255,52677,91603
980,sen,kae,skeane,89255,52709,91604
981,sen,kas,skeans,89255,52867,91606
982,sere,kris,skerries,89487,53888,91649
983,sol,ka,skoal,93334,52677,91838
984,sold,kae,skoaled,93378,52709,91839
985,sol,kas,skoals,93334,52867,91841
986,set,ley,sleety,89639,55629,92113
987,sis,let,sliest,91485,55481,92164
988,sod,li,sloid,93240,55631,92293
989,sod,lis,sloids,93240,56319,92294
990,sop,lo,sloop,93672,56501,92297
991,ser,ma,smear,89466,57699,92538
992,sere,mair,smearier,89487,58082,92542
993,ser,mas,smears,89466,58937,92545
994,ser,may,smeary,89466,59317,92546
995,sac,nth,snatch,86600,65918,92795
996,sic,nth,snitch,90904,65918,92926
997,sod,no,snood,93240,65147,92955
998,sod,nos,snoods,93240,65743,92958
999,sol,no,snool,93334,65147,92965
1000,sol,nos,snools,93334,65743,92968
1001,sop,no,snoop,93672,65147,92969
1002,sop,nos,snoops,93672,65743,92977
1003,sot,no,snoot,93810,65147,92979
1004,sot,nos,snoots,93810,65743,92985
1005,sot,nu,snout,93810,65919,93022
1006,sot,nus,snouts,93810,66097,93028
1007,sals,opes,soapless,86950,67281,93153
1008,say,op,soapy,87676,67207,93159
1009,soy,oe,sooey,93960,66700,93642
1010,so,on,soon,93134,67069,93643
1011,spit,ohs,sophist,94586,66863,93677
1012,spy,oh,sophy,95039,66850,93691
1013,spy,op,soppy,95039,67207,93703
1014,sri,odd,sordid,95254,66641,93733
1015,sue,old,souled,97626,66931,93836
1016,sudd,one,sounded,97606,67090,93845
1017,suet,ors,sourest,97635,67728,93877
1018,suns,ores,sourness,97977,67578,93881
1019,sue,os,souse,97626,67757,93891
1020,sad,pe,spaed,86667,71659,94006
1021,sal,pi,spail,86838,73242,94018
1022,sal,pis,spails,86838,73905,94019
1023,sat,pi,spait,87427,73242,94020
1024,sat,pis,spaits,87427,73905,94021
1025,sen,pa,spean,89255,70155,94176
1026,sen,pas,speans,89255,71247,94179
1027,ser,pa,spear,89466,70155,94180
1028,ser,pas,spears,89466,71247,94192
1029,sel,pe,speel,89106,71659,94290
1030,sel,pes,speels,89106,72750,94293
1031,ser,pe,speer,89466,71659,94294
1032,ser,pes,speers,89466,72750,94298
1033,sel,pi,speil,89106,73242,94299
1034,sel,pis,speils,89106,73905,94302
1035,ser,pi,speir,89466,73242,94303
1036,ser,pis,speirs,89466,73905,94306
1037,sild,pee,spieled,91138,71914,94426
1038,sir,pe,spier,91456,71659,94431
1039,sir,pes,spiers,91456,72750,94434
1040,sis,pe,spies,91485,71659,94435
1041,sly,pa,splay,92463,70155,94631
1042,sly,pas,splays,92463,71247,94634
1043,sol,pi,spoil,93334,73242,94703
1044,sold,pie,spoiled,93378,73393,94706
1045,sol,pis,spoils,93334,73905,94710
1046,sol,pit,spoilt,93334,73950,94711
1047,sone,pois,spoonies,93594,74869,94782
1048,sot,pry,sporty,93810,77981,94822
1049,sot,pus,spouts,93810,78625,94853
1050,sri,pan,sprain,95254,70558,94860
1051,sris,pan,sprains,95255,70558,94863
1052,sun,pig,spuing,97897,73439,94976
1053,sunn,prig,spurning,97961,76942,95012
1054,syn,pig,spying,98989,73439,95042
1055,sad,ti,staid,86667,101601,95351
1056,sag,ti,staig,86735,101601,95355
1057,sag,tis,staigs,86735,102021,95356
1058,sand,tie,stained,87117,101684,95358
1059,sanes,tils,stainless,87195,101769,95362
1060,sel,ta,steal,89106,99148,95703
1061,sel,tas,steals,89106,99887,95710
1062,sen,ti,stein,89255,101601,95796
1063,sen,tis,steins,89255,102021,95799
1064,so,ta,stoa,93134,99148,96161
1065,sos,ta,stoas,93809,99148,96164
1066,sot,ta,stoat,93810,99148,96165
1067,sot,tas,stoats,93810,99887,96166
1068,sod,to,stood,93240,102126,96288
1069,sol,to,stool,93334,102126,96299
1070,sold,toe,stooled,93378,102189,96300
1071,sop,to,stoop,93672,102126,96305
1072,sore,tui,stourie,93742,104438,96391
1073,sri,tan,strain,95254,99605,96454
1074,sris,tan,strains,95255,99605,96459
1075,sri,tat,strait,95254,99924,96460
1076,sris,tat,straits,95255,99924,96468
1077,sit,un,suint,91507,105257,97711
1078,sit,uns,suints,91507,106886,97712
1079,si,ut,suit,90879,107965,97713
1080,sis,ut,suits,91485,107965,97728
1081,sal,wis,swails,86838,112087,98515
1082,sat,wry,swarty,87427,112860,98591
1083,ser,was,swears,89466,110509,98636
1084,set,was,sweats,89639,110509,98647
1085,set,way,sweaty,89639,110765,98648
1086,ser,we,sweer,89466,110785,98663
1087,set,we,sweet,89639,110785,98664
1088,sets,weet,sweetest,89656,110967,98672
1089,son,wo,swoon,93574,112250,98839
1090,son,wos,swoons,93574,112673,98844
1091,sop,wo,swoop,93672,112250,98845
1092,sop,wos,swoops,93672,112673,98850
1093,son,wud,swound,93574,112869,98874
1094,sons,wud,swounds,93633,112869,98877
1095,til,ale,taille,101742,2261,99373
1096,tils,ale,tailles,101769,2261,99374
1097,tils,ales,tailless,101769,2285,99375
1098,ti,an,tain,101601,3227,99394
1099,tis,an,tains,102021,3227,99395
1100,tit,an,taint,102030,3227,99396
1101,to,as,taos,102126,5236,99718
1102,try,ad,tardy,104285,1034,99789
1103,try,ar,tarry,104285,4642,99847
1104,tut,an,taunt,104739,3227,99960
1105,tuns,ates,tautness,104540,5722,99983
1106,ta,el,teal,99148,30863,100104
1107,tas,el,teals,99887,30863,100105
1108,ta,em,team,99148,31171,100106
1109,tas,em,teams,99887,31171,100113
1110,ta,er,tear,99148,32839,100122
1111,tae,err,tearer,99315,32943,100129
1112,tags,era,teargas,99349,32840,100132
1113,tas,er,tears,99887,32839,100144
1114,ta,es,teas,99148,33007,100146
1115,tae,es,tease,99315,33007,100147
1116,tae,ess,teases,99315,33133,100159
1117,ta,et,teat,99148,33238,100167
1118,tas,et,teats,99887,33238,100171
1119,tree,ern,terrene,103509,32917,100751
1120,tree,erns,terrenes,103509,32920,100752
1121,try,er,terry,104285,32839,100782
1122,tret,ess,tersest,103602,33133,100788
1123,ta,he,thae,99148,44665,100924
1124,tar,him,thairm,99775,45730,100925
1125,tars,him,thairms,99849,45730,100926
1126,ten,hi,thein,100464,45549,101002
1127,ten,hie,theine,100464,45608,101003
1128,tens,hie,theines,100563,45608,101004
1129,ten,his,theins,100464,45833,101005
1130,term,hoe,theorem,100687,46000,101047
1131,term,hoes,theorems,100687,46010,101048
1132,ti,ho,thio,101601,45897,101214
1133,til,ho,thiol,101742,45897,101215
1134,tog,huh,though,102219,46936,101319
1135,tray,hot,throaty,103453,46702,101435
1136,ta,od,toad,99148,66638,102127
1137,tas,od,toads,99887,66638,102137
1138,tat,os,toast,99924,67757,102145
1139,tie,old,toiled,101684,66931,102244
1140,toe,old,tooled,102189,66931,102483
1141,to,om,toom,102126,66999,102496
1142,to,on,toon,102126,67069,102497
1143,ted,ras,treads,100208,80083,103473
1144,ted,re,treed,100208,80370,103510
1145,til,ras,trials,101742,80083,103621
1146,tin,ree,triene,101845,81649,103716
1147,tins,ree,trienes,101926,81649,103717
1148,tin,res,triens,101845,83695,103721
1149,tine,rets,trientes,101861,84524,103722
1150,tis,re,tries,102021,80370,103725
1151,tilt,roe,triolet,101770,85654,103830
1152,tilt,roes,triolets,101770,85659,103831
1153,tis,roe,triose,102021,85654,103834
1154,tin,rue,triune,101845,86259,103948
1155,tins,rue,triunes,101926,86259,103949
1156,top,rue,troupe,102533,86259,104104
1157,tops,rue,troupes,102603,86259,104108
1158,tun,rat,truant,104494,80127,104149
1159,tuns,rat,truants,104540,80127,104154
1160,tuns,rees,trueness,104540,81779,104200
1161,tun,rig,truing,104494,85192,104210
1162,ti,us,tuis,101601,107909,104441
1163,ta,we,twae,99148,110785,104788
1164,tas,we,twaes,99887,110785,104789
1165,tan,wis,twains,99605,112087,104791
1166,ted,we,tweed,100208,110785,104823
1167,ten,we,tween,100464,110785,104832
1168,til,wry,twirly,101742,112860,104925
1169,uit,bey,ubiety,105135,9285,105100
1170,un,la,ulna,105257,53989,105167
1171,uns,la,ulnas,106886,53989,105171
1172,urn,net,unrent,107874,64669,106817
1173,ut,no,unto,107965,65147,107200
1174,uke,pep,upkeep,105138,72269,107525
1175,ukes,pep,upkeeps,105141,72269,107526
1176,uta,per,uptear,107966,72324,107706
1177,utas,per,uptears,107967,72324,107708
1178,vins,anes,vainness,109326,3433,108122
1179,vis,ar,vairs,109446,4642,108125
1180,vas,el,veals,108422,30863,108502
1181,vie,eld,veiled,109177,30914,108558
1182,vis,el,veils,109446,30863,108565
1183,vie,end,veined,109177,31765,108568
1184,vis,en,veins,109446,31596,108579
1185,vie,odd,voided,109177,66641,109715
1186,vins,odes,voidness,109326,66659,109719
1187,vis,od,voids,109446,66638,109721
1188,we,as,waes,110785,5236,110034
1189,wis,an,wains,112087,3227,110123
1190,wis,ar,wairs,112087,4642,110133
1191,wit,as,waist,112146,5236,110134
1192,wit,ass,waists,112146,5418,110142
1193,wis,at,waits,112087,5689,110151
1194,wry,at,warty,112860,5689,110504
1195,wans,ekes,weakness,110326,30857,110803
1196,wad,el,weald,109984,30863,110806
1197,wad,els,wealds,109984,31118,110807
1198,was,el,weals,110509,30863,110808
1199,wae,end,weaned,110029,31765,110815
1200,was,en,weans,110509,31596,110821
1201,wae,err,wearer,110029,32943,110831
1202,waes,err,wearers,110034,32943,110832
1203,wair,ere,wearier,110130,32863,110834
1204,was,er,wears,110509,32839,110844
1205,way,er,weary,110765,32839,110845
1206,we,el,weel,110785,30863,110943
1207,we,en,ween,110785,31596,110944
1208,wee,end,weened,110919,31765,110945
1209,we,er,weer,110785,32839,110964
1210,we,es,wees,110785,33007,110965
1211,wet,es,weest,111147,33007,110966
1212,we,et,weet,110785,33238,110967
1213,wee,ewe,weewee,110919,33671,110978
1214,weed,ewe,weeweed,110920,33671,110979
1215,wees,ewe,weewees,110965,33671,110981
1216,wides,erns,weirdness,111683,32920,111018
1217,wide,eros,weirdoes,111672,32928,111021
1218,wis,er,weirs,112087,32839,111025
1219,wet,ha,wheat,111147,43478,111224
1220,wet,has,wheats,111147,44397,111228
1221,we,he,whee,110785,44665,111229
1222,wen,he,wheen,111094,44665,111254
1223,wen,hes,wheens,111094,45456,111255
1224,wo,ha,whoa,112250,43478,111556
1225,wos,ha,whoas,112673,43478,111557
1226,wop,ho,whoop,112513,45897,111585
1227,wae,odd,woaded,110029,66641,112252
1228,was,od,woads,110509,66638,112253
1229,wees,ons,woeness,110965,67112,112275
1230,we,os,woes,110785,67757,112277
1231,wo,od,wood,112250,66638,112376
1232,woe,odd,wooded,112269,66641,112397
1233,wos,od,woods,112673,66638,112430
1234,wo,of,woof,112250,66730,112454
1235,wos,of,woofs,112673,66730,112459
1236,woe,old,wooled,112269,66931,112463
1237,wos,op,woops,112673,67207,112497
1238,wo,os,woos,112250,67757,112502
1239,wry,od,wordy,112860,66638,112533
1240,wry,om,wormy,112860,66999,112616
1241,wry,or,worry,112860,67434,112629
1242,wud,on,wound,112869,67069,112684
1243,wud,ons,wounds,112869,67112,112687
1244,wet,rah,wreath,111147,79687,112740
1245,wets,rah,wreaths,111158,79687,112746
1246,wis,re,wries,112087,80370,112785
1247,wis,ret,wriest,112087,84274,112786
1248,yid,ar,yaird,113235,4642,113005
1249,yid,ars,yairds,113235,5125,113006
1250,ya,eh,yeah,112974,30805,113125
1251,ya,en,yean,112974,31596,113128
1252,ya,er,year,112974,32839,113134
1253,ya,es,yeas,112974,33007,113150
1254,ya,un,yuan,112974,105257,113385
